Timestamp,cpu_usage
1378388949,79.97732130666667
1378389249,83.87865405333334
1378389549,68.27332306666668
1378389849,64.37199032000001
1378390149,138.49731250666667
1378390449,76.07598856
1378390749,83.87865405333334
1378391049,2436.3823002933336
1378391349,10913.9783588
1378391649,10531.647749626669
1378391949,191.1653045866667
1378392249,70.22398944000001
1378392549,8477.596058506668
1378392849,10972.49835
1378393149,10874.965031333331
1378393449,10915.929025173336
1378393749,8017.2387944
1378394050,4492.384657786667
1378394350,10982.25168186667
1378394650,10972.49835
1378394950,10919.830357920002
1378395250,10867.16236584
1378395550,8696.07069232
1378395850,87.7799868
1378396150,87.7799868
1378396450,79.97732130666667
1378396750,81.92798768
1378397050,68.27332306666668
1378397350,81.92798768
1378397650,87.7799868
1378397950,81.92798768
1378398250,81.92798768
1378398550,70.22398944000001
1378398850,66.32265669333334
1378399150,72.17465581333335
1378399450,72.17465581333335
1378399750,81.92798768
1378400050,72.17465581333335
1378400350,87.7799868
1378400650,66.32265669333334
1378400950,72.17465581333335
1378401250,83.87865405333334
1378401550,83.87865405333334
1378401850,85.82932042666667
1378402150,85.82932042666667
1378402450,81.92798768
1378402750,79.97732130666667
1378403050,87.7799868
1378403350,87.7799868
1378403651,79.97732130666667
1378403951,79.97732130666667
1378404251,83.87865405333334
1378404551,78.02665493333335
1378404851,81.92798768
1378405151,79.97732130666667
1378405451,76.07598856
1378405750,78.02665493333335
1378406050,70.22398944000001
1378406350,72.17465581333335
1378406650,81.92798768
1378406950,78.02665493333335
1378407250,78.02665493333335
1378407550,83.87865405333334
1378407850,81.92798768
1378408150,68.27332306666668
1378408450,76.07598856
1378408751,76.07598856
1378409051,78.02665493333335
1378409351,68.27332306666668
1378409651,132.6453133866667
1378409951,74.12532218666666
1378410251,85.82932042666667
1378410551,83.87865405333334
1378410851,70.22398944000001
1378411151,76.07598856
1378411451,72.17465581333335
1378411751,74.12532218666666
1378412051,81.92798768
1378412351,85.82932042666667
1378412651,83.87865405333334
1378412951,72.17465581333335
1378413251,79.97732130666667
1378413551,64.37199032000001
1378413851,87.7799868
1378414151,78.02665493333335
1378414451,76.07598856
1378414751,68.27332306666668
1378415051,68.27332306666668
1378415351,79.97732130666667
1378415651,79.97732130666667
1378415951,87.7799868
1378416251,81.92798768
1378416551,83.87865405333334
1378416851,79.97732130666667
1378417152,74.12532218666666
1378417452,76.07598856
1378417752,76.07598856
1378418052,87.7799868
1378418352,71.05998931428573
1378418652,74.12532218666666
1378418952,81.92798768
1378419252,83.87865405333334
1378419552,83.87865405333334
1378419852,85.82932042666667
1378420152,79.97732130666667
1378420452,79.97732130666667
1378420752,81.92798768
1378421052,85.82932042666667
1378421352,76.07598856
1378421652,81.92798768
1378421952,70.22398944000001
1378422252,70.22398944000001
1378422552,76.07598856
1378422852,81.92798768
1378423152,78.02665493333335
1378423452,74.12532218666666
1378423752,68.27332306666668
1378424052,74.12532218666666
1378424352,85.82932042666667
1378424653,72.17465581333335
1378424953,78.02665493333335
1378425253,74.12532218666666
1378425553,58.51999120000001
1378425853,72.17465581333335
1378426153,70.22398944000001
1378426453,66.32265669333334
1378426753,70.22398944000001
1378427053,64.37199032000001
1378427353,60.47065757333333
1378427653,81.92798768
1378427953,74.12532218666666
1378428253,78.02665493333335
1378428553,68.27332306666668
1378428853,78.02665493333335
1378429153,62.42132394666667
1378429453,60.47065757333333
1378429753,76.07598856
1378430053,79.97732130666667
1378430353,70.22398944000001
1378430653,70.22398944000001
1378430953,70.22398944000001
1378431253,64.37199032000001
1378431553,74.12532218666666
1378431853,85.82932042666667
1378432153,79.97732130666667
1378432453,74.12532218666666
1378432753,72.17465581333335
1378433054,81.92798768
1378433354,70.22398944000001
1378433654,78.02665493333335
1378433954,66.32265669333334
1378434254,64.37199032000001
1378434554,64.37199032000001
1378434854,58.51999120000001
1378435154,76.07598856
1378435454,83.87865405333334
1378435754,78.02665493333335
1378436054,66.32265669333334
1378436354,62.42132394666667
1378436654,68.27332306666668
1378436954,78.02665493333335
1378437254,85.82932042666667
1378437554,121.21998177142856
1378437854,91.68131954666669
1378438154,78.02665493333335
1378438454,68.27332306666668
1378438754,85.82932042666667
1378439054,85.82932042666667
1378439354,78.02665493333335
1378439654,70.22398944000001
1378439954,74.12532218666666
1378440254,74.12532218666666
1378440554,81.92798768
1378440854,87.7799868
1378441154,83.87865405333334
1378441454,64.37199032000001
1378441754,81.92798768
1378442054,79.97732130666667
1378442354,76.07598856
1378442654,79.97732130666667
1378442954,83.87865405333334
1378443254,66.32265669333334
1378443554,70.22398944000001
1378443854,81.50998774285715
1378444154,79.97732130666667
1378444454,85.68998711428573
1378444754,81.92798768
1378445054,58.51999120000001
1378445354,66.32265669333334
1378445654,75.2399886857143
1378445954,81.92798768
1378446254,72.17465581333335
1378446554,234.07996480000003
1378446855,10123.9584776
1378447155,10966.228350942856
1378447455,10937.38635528
1378447755,10896.42236144
1378448055,10711.109055973331
1378448355,1972.1237034400003
1378448655,971.43185392
1378448955,10580.414408960003
1378449255,10956.893019013332
1378449555,10939.337021653331
1378449855,10898.373027813332
1378450155,10633.08240104
1378450455,2000.1296992285716
1378450755,83.87865405333334
1378451055,81.92798768
1378451355,87.7799868
1378451655,87.7799868
1378451955,78.02665493333335
1378452255,78.02665493333335
1378452555,72.17465581333335
1378452855,85.82932042666667
1378453155,87.7799868
1378453455,87.7799868
1378453755,79.97732130666667
1378454055,64.37199032000001
1378454355,70.22398944000001
1378454655,79.41998805714286
1378454955,83.87865405333334
1378455255,81.92798768
1378455555,70.22398944000001
1378455855,72.17465581333335
1378456155,74.12532218666666
1378456456,83.87865405333334
1378456756,83.59998742857144
1378457056,87.7799868
1378457356,76.07598856
1378457656,74.12532218666666
1378457956,68.27332306666668
1378458256,76.07598856
1378458556,81.92798768
1378458856,85.82932042666667
1378459156,76.07598856
1378459456,72.17465581333335
1378459756,66.32265669333334
1378460056,81.92798768
1378460356,87.7799868
1378460656,2709.47559256
1378460956,10937.38635528
1378461256,10956.893019013332
1378461556,10929.583689786668
1378461856,10882.767696826668
1378462156,10668.19439576
1378462456,10110.303812986667
1378462756,10990.05434736
1378463056,10949.09035352
1378463356,10886.669029573335
1378463657,10779.38237904
1378463957,9985.461165093331
1378464257,10970.547683626668
1378464557,10910.077026053332
1378464857,10904.225026933333
1378465157,10814.494373760002
1378465457,10110.303812986667
1378465757,10960.794351760002
1378466057,10923.73169066667
1378466357,10947.139687146668
1378466657,10886.669029573335
1378466957,10004.967828826668
1378467257,142.39864525333337
1378467557,87.7799868
1378467857,87.7799868
1378468157,83.87865405333334
1378468457,72.17465581333335
1378468757,87.7799868
1378469057,78.02665493333335
1378469357,78.02665493333335
1378469657,97.53331866666667
1378469957,85.82932042666667
1378470257,72.17465581333335
1378470557,72.17465581333335
1378470857,76.07598856
1378471157,79.97732130666667
1378471457,81.92798768
1378471757,60.47065757333333
1378472057,64.37199032000001
1378472357,76.07598856
1378472657,70.22398944000001
1378472957,68.27332306666668
1378473257,68.27332306666668
1378473557,79.97732130666667
1378473857,72.17465581333335
1378474157,3893.669414485714
1378474457,11454.312944213334
1378474757,2494.902291493333
1378475057,74.12532218666666
1378475358,9150.575957306668
1378475658,10935.435688906668
1378475958,10921.781024293334
1378476258,10912.027692426667
1378476558,10759.875715306667
1378476858,3364.899494
1378477158,85.82932042666667
1378477458,105.33598416
1378477758,87.7799868
1378478058,87.7799868
1378478358,83.87865405333334
1378478658,87.7799868
1378478958,81.92798768
1378479258,68.27332306666668
1378479558,70.22398944000001
1378479858,83.87865405333334
1378480158,79.97732130666667
1378480458,68.27332306666668
1378480758,89.73065317333334
1378481058,66.32265669333334
1378481358,76.07598856
1378481658,87.7799868
1378481958,74.12532218666666
1378482258,76.07598856
1378482558,81.92798768
1378482858,83.87865405333334
1378483158,79.97732130666667
1378483459,78.02665493333335
1378483759,76.07598856
1378484059,68.27332306666668
1378484359,74.12532218666666
1378484659,74.12532218666666
1378484959,81.92798768
1378485259,85.82932042666667
1378485559,83.87865405333334
1378485859,66.32265669333334
1378486159,70.22398944000001
1378486459,76.07598856
1378486759,150.2013107466667
1378487059,78.02665493333335
1378487359,83.87865405333334
1378487659,78.02665493333335
1378487959,74.12532218666666
1378488259,68.27332306666668
1378488559,81.92798768
1378488859,76.07598856
1378489159,78.02665493333335
1378489459,62.42132394666667
1378489759,72.17465581333335
1378490059,81.92798768
1378490359,78.02665493333335
1378490659,76.07598856
1378490959,74.12532218666666
1378491259,58.51999120000001
1378491559,76.07598856
1378491859,78.02665493333335
1378492159,81.92798768
1378492459,74.12532218666666
1378492759,83.87865405333334
1378493059,64.37199032000001
1378493360,68.27332306666668
1378493660,79.97732130666667
1378493960,81.92798768
1378494260,79.97732130666667
1378494560,79.97732130666667
1378494860,79.97732130666667
1378495160,74.12532218666666
1378495460,79.97732130666667
1378495760,83.87865405333334
1378496060,126.79331426666668
1378496360,78.02665493333335
1378496660,81.92798768
1378496960,74.12532218666666
1378497260,76.07598856
1378497560,81.92798768
1378497860,74.12532218666666
1378498160,76.07598856
1378498460,74.12532218666666
1378498760,66.32265669333334
1378499060,83.87865405333334
1378499360,87.7799868
1378499660,78.02665493333335
1378499960,76.07598856
1378500260,70.22398944000001
1378500560,64.37199032000001
1378500860,79.97732130666667
1378501160,81.92798768
1378501460,72.17465581333335
1378501760,66.32265669333334
1378502060,79.97732130666667
1378502360,79.97732130666667
1378502660,79.97732130666667
1378502960,81.92798768
1378503260,81.92798768
1378503560,79.97732130666667
1378503860,85.82932042666667
1378504160,83.87865405333334
1378504460,83.87865405333334
1378504760,87.7799868
1378505060,83.87865405333334
1378505360,81.92798768
1378505660,81.92798768
1378505960,83.87865405333334
1378506260,83.87865405333334
1378506560,85.82932042666667
1378506860,85.82932042666667
1378507160,76.07598856
1378507460,83.87865405333334
1378507761,83.87865405333334
1378508061,81.92798768
1378508361,81.92798768
1378508661,79.97732130666667
1378508961,68.27332306666668
1378509261,78.02665493333335
1378509561,66.32265669333334
1378509861,79.97732130666667
1378510161,79.97732130666667
1378510461,79.97732130666667
1378510761,68.27332306666668
1378511061,78.02665493333335
1378511361,81.92798768
1378511661,81.92798768
1378511961,85.82932042666667
1378512261,76.07598856
1378512561,70.22398944000001
1378512861,78.02665493333335
1378513161,72.17465581333335
1378513461,81.92798768
1378513761,79.97732130666667
1378514061,83.87865405333334
1378514361,81.92798768
1378514661,72.17465581333335
1378514961,81.92798768
1378515261,78.02665493333335
1378515561,83.87865405333334
1378515861,81.92798768
1378516161,60.47065757333333
1378516461,66.32265669333334
1378516761,64.37199032000001
1378517061,78.02665493333335
1378517361,66.32265669333334
1378517661,68.27332306666668
1378517961,62.42132394666667
1378518261,78.02665493333335
1378518561,79.97732130666667
1378518861,72.17465581333335
1378519161,68.27332306666668
1378519461,66.32265669333334
1378519761,78.02665493333335
1378520061,66.32265669333334
1378520362,74.12532218666666
1378520662,79.97732130666667
1378520962,76.07598856
1378521262,74.12532218666666
1378521562,70.22398944000001
1378521862,66.32265669333334
1378522162,81.92798768
1378522462,81.92798768
1378522762,72.17465581333335
1378523062,66.32265669333334
1378523362,76.07598856
1378523662,68.27332306666668
1378523962,81.92798768
1378524262,83.87865405333334
1378524562,85.82932042666667
1378524862,76.07598856
1378525162,72.17465581333335
1378525462,74.12532218666666
1378525762,76.07598856
1378526062,85.82932042666667
1378526362,70.22398944000001
1378526662,64.37199032000001
1378526962,81.92798768
1378527262,79.97732130666667
1378527562,66.32265669333334
1378527862,79.97732130666667
1378528162,74.12532218666666
1378528462,68.27332306666668
1378528762,64.37199032000001
1378529062,70.22398944000001
1378529362,72.17465581333335
1378529662,79.97732130666667
1378529963,76.07598856
1378530263,68.27332306666668
1378530563,81.92798768
1378530863,64.37199032000001
1378531163,79.97732130666667
1378531463,76.07598856
1378531763,78.02665493333335
1378532063,68.27332306666668
1378532363,76.07598856
1378532663,83.87865405333334
1378532963,78.02665493333335
1378533263,81.92798768
1378533563,62.42132394666667
1378533863,62.42132394666667
1378534163,78.02665493333335
1378534463,72.17465581333335
1378534763,78.02665493333335
1378535063,76.07598856
1378535363,83.87865405333334
1378535663,76.07598856
1378535963,70.22398944000001
1378536263,81.92798768
1378536563,76.07598856
1378536863,74.12532218666666
1378537163,66.32265669333334
1378537463,68.27332306666668
1378537763,115.08931602666668
1378538063,107.28665053333334
1378538363,81.92798768
1378538663,79.97732130666667
1378538963,78.02665493333335
1378539263,66.32265669333334
1378539563,68.27332306666668
1378539863,83.87865405333334
1378540163,85.82932042666667
1378540463,85.82932042666667
1378540763,78.02665493333335
1378541063,72.17465581333335
1378541363,72.17465581333335
1378541663,70.22398944000001
1378541963,78.02665493333335
1378542263,81.92798768
1378542563,78.02665493333335
1378542863,74.12532218666666
1378543163,79.97732130666667
1378543463,81.92798768
1378543763,81.92798768
1378544063,74.12532218666666
1378544364,70.22398944000001
1378544664,74.12532218666666
1378544964,74.12532218666666
1378545264,79.97732130666667
1378545564,76.07598856
1378545864,72.17465581333335
1378546164,74.12532218666666
1378546464,64.37199032000001
1378546764,66.32265669333334
1378547064,81.92798768
1378547364,81.92798768
1378547664,78.02665493333335
1378547964,76.07598856
1378548264,76.07598856
1378548564,70.22398944000001
1378548864,81.92798768
1378549164,83.87865405333334
1378549464,81.92798768
1378549764,74.12532218666666
1378550064,74.12532218666666
1378550364,79.97732130666667
1378550664,83.87865405333334
1378550964,83.87865405333334
1378551264,66.32265669333334
1378551564,66.32265669333334
1378551864,78.02665493333335
1378552164,68.27332306666668
1378552464,81.92798768
1378552764,83.87865405333334
1378553064,81.92798768
1378553364,70.22398944000001
1378553664,74.12532218666666
1378553964,78.02665493333335
1378554264,76.07598856
1378554564,78.02665493333335
1378554865,74.12532218666666
1378555165,64.37199032000001
1378555465,68.27332306666668
1378555765,64.37199032000001
1378556065,81.92798768
1378556365,83.87865405333334
1378556665,87.7799868
1378556965,70.22398944000001
1378557265,66.32265669333334
1378557565,83.87865405333334
1378557865,79.97732130666667
1378558165,83.87865405333334
1378558465,76.07598856
1378558765,72.17465581333335
1378559065,72.17465581333335
1378559365,79.97732130666667
1378559665,83.87865405333334
1378559965,85.82932042666667
1378560265,72.17465581333335
1378560565,64.37199032000001
1378560865,76.07598856
1378561165,85.82932042666667
1378561465,83.87865405333334
1378561765,76.07598856
1378562065,64.37199032000001
1378562366,58.51999120000001
1378562666,66.32265669333334
1378562966,66.32265669333334
1378563266,70.22398944000001
1378563566,78.02665493333335
1378563866,78.02665493333335
1378564166,58.51999120000001
1378564466,68.27332306666668
1378564766,83.87865405333334
1378565066,70.22398944000001
1378565366,79.97732130666667
1378565666,72.17465581333335
1378565966,66.32265669333334
1378566266,62.42132394666667
1378566566,78.02665493333335
1378566866,87.7799868
1378567166,72.17465581333335
1378567466,70.22398944000001
1378567766,74.12532218666666
1378568066,70.22398944000001
1378568366,81.92798768
1378568666,85.82932042666667
1378568966,79.97732130666667
1378569266,74.12532218666666
1378569566,79.97732130666667
1378569866,62.42132394666667
1378570166,87.7799868
1378570466,83.87865405333334
1378570766,81.92798768
1378571066,76.07598856
1378571366,79.97732130666667
1378571666,83.87865405333334
1378571966,83.87865405333334
1378572266,83.87865405333334
1378572566,81.92798768
1378572866,68.27332306666668
1378573166,79.97732130666667
1378573466,70.22398944000001
1378573766,79.97732130666667
1378574067,87.7799868
1378574367,83.87865405333334
1378574667,79.97732130666667
1378574967,83.87865405333334
1378575267,72.17465581333335
1378575567,79.97732130666667
1378575867,85.82932042666667
1378576167,74.12532218666666
1378576467,72.17465581333335
1378576767,78.02665493333335
1378577067,68.27332306666668
1378577367,83.87865405333334
1378577667,85.82932042666667
1378577967,81.92798768
1378578267,74.12532218666666
1378578567,72.17465581333335
1378578867,83.87865405333334
1378579167,83.87865405333334
1378579467,81.92798768
1378579767,72.17465581333335
1378580067,62.42132394666667
1378580367,76.07598856
1378580667,78.02665493333335
1378580967,78.02665493333335
1378581267,85.82932042666667
1378581567,83.87865405333334
1378581867,78.02665493333335
1378582167,70.22398944000001
1378582467,117.0399824
1378582767,95.58265229333335
1378583067,81.92798768
1378583368,81.92798768
1378583668,68.27332306666668
1378583968,70.22398944000001
1378584268,76.07598856
1378584568,74.12532218666666
1378584868,83.87865405333334
1378585168,83.87865405333334
1378585468,70.22398944000001
1378585768,74.12532218666666
1378586068,83.87865405333334
1378586368,76.07598856
1378586668,78.02665493333335
1378586968,72.17465581333335
1378587268,72.17465581333335
1378587568,66.32265669333334
1378587868,68.27332306666668
1378588168,83.87865405333334
1378588468,76.07598856
1378588768,83.87865405333334
1378589068,62.42132394666667
1378589368,76.07598856
1378589668,81.92798768
1378589968,85.82932042666667
1378590268,79.97732130666667
1378590568,70.22398944000001
1378590868,72.17465581333335
1378591168,60.47065757333333
1378591468,78.02665493333335
1378591768,74.12532218666666
1378592068,81.92798768
1378592368,72.17465581333335
1378592668,72.17465581333335
1378592968,148.25064437333333
1378593269,87.7799868
1378593569,83.87865405333334
1378593869,83.87865405333334
1378594169,76.07598856
1378594469,76.07598856
1378594769,79.97732130666667
1378595069,81.92798768
1378595369,85.82932042666667
1378595669,78.02665493333335
1378595969,74.12532218666666
1378596269,70.22398944000001
1378596569,64.37199032000001
1378596869,78.02665493333335
1378597169,78.02665493333335
1378597469,78.02665493333335
1378597769,72.17465581333335
1378598069,68.27332306666668
1378598369,70.22398944000001
1378598669,81.92798768
1378598969,83.87865405333334
1378599269,81.92798768
1378599569,70.22398944000001
1378599869,64.37199032000001
1378600169,83.87865405333334
1378600469,72.17465581333335
1378600769,74.12532218666666
1378601069,66.32265669333334
1378601369,81.92798768
1378601669,81.92798768
1378601970,76.07598856
1378602269,85.82932042666667
1378602569,79.97732130666667
1378602869,79.97732130666667
1378603169,72.17465581333335
1378603469,83.87865405333334
1378603769,79.97732130666667
1378604069,79.97732130666667
1378604369,87.7799868
1378604669,74.12532218666666
1378604969,66.32265669333334
1378605269,72.17465581333335
1378605569,74.12532218666666
1378605869,81.92798768
1378606169,79.97732130666667
1378606469,83.87865405333334
1378606769,58.51999120000001
1378607069,79.97732130666667
1378607369,83.87865405333334
1378607669,72.17465581333335
1378607970,64.37199032000001
1378608270,74.12532218666666
1378608570,76.07598856
1378608870,72.17465581333335
1378609170,81.92798768
1378609470,78.02665493333335
1378609770,83.87865405333334
1378610070,81.92798768
1378610370,74.12532218666666
1378610670,72.17465581333335
1378610970,76.07598856
1378611270,78.02665493333335
1378611570,70.22398944000001
1378611870,78.02665493333335
1378612170,66.32265669333334
1378612470,70.22398944000001
1378612770,76.07598856
1378613070,83.87865405333334
1378613370,85.82932042666667
1378613670,78.02665493333335
1378613970,76.07598856
1378614270,72.17465581333335
1378614570,76.07598856
1378614870,79.97732130666667
1378615170,74.12532218666666
1378615470,76.07598856
1378615770,79.97732130666667
1378616070,74.12532218666666
1378616370,79.97732130666667
1378616670,83.87865405333334
1378616970,66.32265669333334
1378617270,70.22398944000001
1378617570,72.17465581333335
1378617871,68.27332306666668
1378618171,74.12532218666666
1378618471,81.92798768
1378618771,76.07598856
1378619071,66.32265669333334
1378619371,76.07598856
1378619671,62.42132394666667
1378619971,79.97732130666667
1378620271,78.02665493333335
1378620571,79.97732130666667
1378620871,68.27332306666668
1378621171,72.17465581333335
1378621471,72.17465581333335
1378621771,78.02665493333335
1378622071,74.12532218666666
1378622371,68.27332306666668
1378622671,68.27332306666668
1378622971,83.87865405333334
1378623271,76.07598856
1378623571,81.92798768
1378623871,83.87865405333334
1378624171,74.12532218666666
1378624472,70.22398944000001
1378624772,78.02665493333335
1378625072,68.27332306666668
1378625372,76.07598856
1378625672,83.87865405333334
1378625972,79.97732130666667
1378626272,68.27332306666668
1378626572,68.27332306666668
1378626872,68.27332306666668
1378627172,76.07598856
1378627472,85.82932042666667
1378627772,83.87865405333334
1378628072,70.22398944000001
1378628372,74.12532218666666
1378628672,79.97732130666667
1378628972,68.27332306666668
1378629272,74.12532218666666
1378629572,70.22398944000001
1378629872,68.27332306666668
1378630172,74.12532218666666
1378630472,78.02665493333335
1378630772,81.92798768
1378631073,81.92798768
1378631373,81.92798768
1378631673,74.12532218666666
1378631973,76.07598856
1378632273,83.87865405333334
1378632573,83.87865405333334
1378632873,81.92798768
1378633173,76.07598856
1378633473,58.51999120000001
1378633773,68.27332306666668
1378634073,83.87865405333334
1378634373,76.07598856
1378634673,83.87865405333334
1378634973,81.92798768
1378635273,72.17465581333335
1378635573,74.12532218666666
1378635873,78.02665493333335
1378636173,85.82932042666667
1378636473,78.02665493333335
1378636773,74.12532218666666
1378637073,66.32265669333334
1378637373,66.32265669333334
1378637673,76.07598856
1378637973,78.02665493333335
1378638273,78.02665493333335
1378638573,72.17465581333335
1378638873,72.17465581333335
1378639173,68.27332306666668
1378639473,81.92798768
1378639773,81.92798768
1378640073,78.02665493333335
1378640373,79.97732130666667
1378640673,78.02665493333335
1378640973,68.27332306666668
1378641273,81.92798768
1378641573,81.92798768
1378641873,85.82932042666667
1378642173,70.22398944000001
1378642473,66.32265669333334
1378642774,76.07598856
1378643074,78.02665493333335
1378643374,83.87865405333334
1378643674,72.17465581333335
1378643974,66.32265669333334
1378644274,70.22398944000001
1378644574,134.59597975999998
1378644874,87.7799868
1378645174,89.73065317333334
1378645474,74.12532218666666
1378645774,72.17465581333335
1378646074,68.27332306666668
1378646374,64.37199032000001
1378646674,72.17465581333335
1378646974,78.02665493333335
1378647274,74.12532218666666
1378647574,62.42132394666667
1378647874,70.22398944000001
1378648174,70.22398944000001
1378648474,76.07598856
1378648774,83.87865405333334
1378649074,83.87865405333334
1378649374,66.32265669333334
1378649674,74.12532218666666
1378649974,74.12532218666666
1378650274,68.27332306666668
1378650574,83.87865405333334
1378650874,75.2399886857143
1378651174,66.32265669333334
1378651474,78.02665493333335
1378651775,83.87865405333334
1378652075,83.87865405333334
1378652375,71.05998931428573
1378652675,83.87865405333334
1378652975,78.02665493333335
1378653275,70.22398944000001
1378653575,81.50998774285715
1378653875,62.42132394666667
1378654175,68.96998962857144
1378654475,70.22398944000001
1378654775,62.42132394666667
1378655075,66.32265669333334
1378655375,66.87998994285715
1378655675,74.12532218666666
1378655975,68.27332306666668
1378656275,78.02665493333335
1378656575,60.47065757333333
1378656875,68.27332306666668
1378657175,81.92798768
1378657475,79.97732130666667
1378657775,79.41998805714286
1378658076,76.07598856
1378658376,64.37199032000001
1378658676,66.32265669333334
1378658976,76.07598856
1378659276,78.02665493333335
1378659576,81.92798768
1378659876,72.17465581333335
1378660176,76.07598856
1378660476,72.17465581333335
1378660776,72.17465581333335
1378661076,83.87865405333334
1378661376,79.41998805714286
1378661676,79.97732130666667
1378661976,74.12532218666666
1378662276,60.47065757333333
1378662576,70.22398944000001
1378662876,83.87865405333334
1378663176,78.02665493333335
1378663476,66.87998994285715
1378663776,68.27332306666668
1378664076,72.17465581333335
1378664376,85.82932042666667
1378664676,85.82932042666667
1378664976,78.02665493333335
1378665276,64.37199032000001
1378665576,76.07598856
1378665876,64.37199032000001
1378666176,81.92798768
1378666476,79.97732130666667
1378666776,74.12532218666666
1378667077,72.17465581333335
1378667377,74.12532218666666
1378667677,78.02665493333335
1378667976,81.92798768
1378668276,85.82932042666667
1378668576,76.07598856
1378668876,105.33598416
1378669176,87.7799868
1378669476,70.22398944000001
1378669776,85.82932042666667
1378670076,83.87865405333334
1378670376,85.82932042666667
1378670676,66.32265669333334
1378670976,76.07598856
1378671276,87.7799868
1378671576,78.02665493333335
1378671876,79.97732130666667
1378672176,81.92798768
1378672477,66.32265669333334
1378672777,74.12532218666666
1378673077,83.87865405333334
1378673377,83.87865405333334
1378673677,76.07598856
1378673977,74.12532218666666
1378674277,74.12532218666666
1378674577,72.17465581333335
1378674877,83.87865405333334
1378675177,70.22398944000001
1378675477,78.02665493333335
1378675777,78.02665493333335
1378676077,58.51999120000001
1378676377,76.07598856
1378676677,76.07598856
1378676977,87.7799868
1378677277,85.82932042666667
1378677577,83.87865405333334
1378677877,76.07598856
1378678177,79.97732130666667
1378678477,83.87865405333334
1378678777,81.92798768
1378679077,87.7799868
1378679377,66.32265669333334
1378679677,62.42132394666667
1378679977,76.07598856
1378680277,81.92798768
1378680577,81.92798768
1378680877,78.02665493333335
1378681178,74.12532218666666
1378681478,68.27332306666668
1378681778,72.17465581333335
1378682078,83.87865405333334
1378682378,78.02665493333335
1378682678,68.27332306666668
1378682978,74.12532218666666
1378683278,64.37199032000001
1378683578,70.22398944000001
1378683878,83.87865405333334
1378684178,81.92798768
1378684478,81.92798768
1378684778,72.17465581333335
1378685078,78.02665493333335
1378685378,78.02665493333335
1378685678,85.82932042666667
1378685978,87.7799868
1378686278,79.97732130666667
1378686578,68.27332306666668
1378686878,79.97732130666667
1378687178,70.22398944000001
1378687478,87.7799868
1378687778,78.02665493333335
1378688078,76.07598856
1378688378,72.17465581333335
1378688678,70.22398944000001
1378688978,76.07598856
1378689278,74.12532218666666
1378689578,83.87865405333334
1378689878,85.82932042666667
1378690178,72.17465581333335
1378690478,78.02665493333335
1378690778,76.07598856
1378691079,83.87865405333334
1378691379,85.82932042666667
1378691679,79.97732130666667
1378691979,68.27332306666668
1378692279,68.27332306666668
1378692579,74.12532218666666
1378692879,72.17465581333335
1378693179,81.92798768
1378693479,60.47065757333333
1378693779,78.02665493333335
1378694079,76.07598856
1378694379,66.32265669333334
1378694679,83.87865405333334
1378694979,81.92798768
1378695279,68.27332306666668
1378695579,64.37199032000001
1378695879,70.22398944000001
1378696179,87.7799868
1378696479,79.97732130666667
1378696779,76.07598856
1378697079,76.07598856
1378697379,66.32265669333334
1378697679,68.27332306666668
1378697979,72.17465581333335
1378698279,154.10264349333335
1378698579,87.7799868
1378698879,87.7799868
1378699180,66.32265669333334
1378699480,68.27332306666668
1378699780,78.02665493333335
1378700080,72.17465581333335
1378700380,72.17465581333335
1378700679,74.12532218666666
1378700979,58.51999120000001
1378701279,72.17465581333335
1378701579,76.07598856
1378701879,74.12532218666666
1378702179,70.22398944000001
1378702479,78.02665493333335
1378702779,66.32265669333334
1378703079,76.07598856
1378703379,81.92798768
1378703680,78.02665493333335
1378703980,78.02665493333335
1378704280,74.12532218666666
1378704580,62.42132394666667
1378704880,74.12532218666666
1378705180,76.07598856
1378705480,79.97732130666667
1378705780,81.92798768
1378706080,79.97732130666667
1378706380,72.17465581333335
1378706680,70.22398944000001
1378706980,85.82932042666667
1378707280,85.82932042666667
1378707580,72.17465581333335
1378707880,70.22398944000001
1378708180,78.02665493333335
1378708480,58.51999120000001
1378708780,85.82932042666667
1378709080,85.82932042666667
1378709380,74.12532218666666
1378709680,76.07598856
1378709980,74.12532218666666
1378710280,81.92798768
1378710580,72.17465581333335
1378710880,81.92798768
1378711180,81.92798768
1378711481,70.22398944000001
1378711781,79.97732130666667
1378712081,66.32265669333334
1378712381,87.7799868
1378712681,83.87865405333334
1378712981,76.07598856
1378713281,74.12532218666666
1378713581,74.12532218666666
1378713881,83.87865405333334
1378714181,85.82932042666667
1378714481,83.87865405333334
1378714781,76.07598856
1378715081,72.17465581333335
1378715381,76.07598856
1378715681,74.12532218666666
1378715981,83.87865405333334
1378716281,83.87865405333334
1378716581,83.87865405333334
1378716881,78.02665493333335
1378717181,76.07598856
1378717481,78.02665493333335
1378717782,72.17465581333335
1378718082,81.92798768
1378718382,78.02665493333335
1378718682,68.27332306666668
1378718982,74.12532218666666
1378719282,70.22398944000001
1378719582,81.92798768
1378719882,81.92798768
1378720182,83.87865405333334
1378720482,60.47065757333333
1378720782,74.12532218666666
1378721082,74.12532218666666
1378721382,78.02665493333335
1378721682,78.02665493333335
1378721982,76.07598856
1378722282,74.12532218666666
1378722582,76.07598856
1378722882,79.97732130666667
1378723182,85.82932042666667
1378723482,81.92798768
1378723782,83.87865405333334
1378724082,66.32265669333334
1378724382,68.27332306666668
1378724682,81.92798768
1378724982,78.02665493333335
1378725282,76.07598856
1378725582,66.32265669333334
1378725882,64.37199032000001
1378726182,72.17465581333335
1378726482,74.12532218666666
1378726782,81.92798768
1378727082,83.87865405333334
1378727382,81.92798768
1378727682,64.37199032000001
1378727983,66.32265669333334
1378728283,76.07598856
1378728583,68.27332306666668
1378728883,76.07598856
1378729183,64.37199032000001
1378729483,62.42132394666667
1378729783,66.32265669333334
1378730083,79.97732130666667
1378730383,76.07598856
1378730683,81.92798768
1378730983,76.07598856
1378731283,66.32265669333334
1378731583,81.92798768
1378731883,83.87865405333334
1378732183,83.87865405333334
1378732483,70.22398944000001
1378732783,76.07598856
1378733083,78.02665493333335
1378733383,60.47065757333333
1378733683,70.22398944000001
1378733983,81.92798768
1378734283,81.92798768
1378734583,70.22398944000001
1378734883,72.17465581333335
1378735183,68.27332306666668
1378735483,87.7799868
1378735783,85.82932042666667
1378736083,76.07598856
1378736383,68.27332306666668
1378736683,79.97732130666667
1378736983,70.22398944000001
1378737283,83.87865405333334
1378737583,81.92798768
1378737883,70.22398944000001
1378738183,68.27332306666668
1378738483,74.12532218666666
1378738783,76.07598856
1378739083,76.07598856
1378739383,85.82932042666667
1378739683,74.12532218666666
1378739983,122.89198152
1378740283,9956.201169493334
1378740583,10814.494373760002
1378740883,10834.001037493334
1378741183,10816.445040133332
1378741483,10716.961055093334
1378741783,10611.625070933334
1378742084,10244.899792746668
1378742384,10248.801125493334
1378742684,10264.40645648
1378742984,10508.23975314667
1378743284,10761.82638168
1378743584,10890.57036232
1378743884,10465.325092933334
1378744184,10582.365075333331
1378744484,10910.077026053332
1378744784,10982.25168186667
1378745084,10635.033067413333
1378745384,10861.31036672
1378745684,10882.767696826668
1378745984,11081.735666906668
1378746284,11107.094329760002
1378746584,10496.535754906668
1378746884,10184.429135173334
1378747184,10588.217074453332
1378747484,10574.56240984
1378747784,10539.450415120002
1378748084,10478.97975754667
1378748384,10260.505123733334
1378748684,10428.26243184
1378748984,10506.289086773337
1378749284,10215.639797146669
1378749584,10001.06649608
1378749884,9667.50254624
1378750184,8545.869381573335
1378750484,9228.60261224
1378750784,10287.81445296
1378751084,10662.34239664
1378751384,10568.71041072
1378751684,10075.191818266669
1378751984,8932.101323493334
1378752284,8955.509319973335
1378752585,10525.795750506666
1378752885,10711.109055973331
1378753185,10514.09175226667
1378753485,10061.537153653331
1378753785,8914.545326133335
1378754085,8980.867982826667
1378754385,10527.746416880002
1378754685,10796.9383764
1378754985,10847.65570210667
1378755285,10644.78639928
1378755585,9466.583909786666
1378755885,8483.448057626667
1378756185,10876.915697706669
1378756485,10713.059722346668
1378756785,10332.679779546668
1378757085,10876.915697706669
1378757385,10691.602392239998
1378757685,10718.911721466668
1378757985,10508.23975314667
1378758285,9755.28253304
1378758585,10090.797149253332
1378758885,10662.34239664
1378759185,9946.447837626669
1378759485,10558.957078853333
1378759785,10867.16236584
1378760085,10371.693107013334
1378760385,10748.171717066669
1378760685,11056.377004053333
1378760985,9277.369271573334
1378761285,10910.077026053332
1378761585,10752.073049813334
1378761885,10319.025114933333
1378762185,10947.139687146668
1378762485,10794.987710026668
1378762786,10287.81445296
1378763086,10931.53435616
1378763386,10767.678380800002
1378763686,10108.353146613334
1378763986,10363.89044152
1378764286,10459.473093813333
1378764586,10590.167740826668
1378764886,6552.288348026666
1378765186,83.87865405333334
1378765486,79.97732130666667
1378765786,87.7799868
1378766086,83.87865405333334
1378766385,79.97732130666667
1378766685,66.32265669333334
1378766985,66.32265669333334
1378767285,85.82932042666667
1378767585,83.87865405333334
1378767885,81.92798768
1378768185,81.92798768
1378768486,72.17465581333335
1378768786,78.02665493333335
1378769086,81.92798768
1378769386,85.82932042666667
1378769686,78.02665493333335
1378769986,87.7799868
1378770286,81.92798768
1378770586,81.92798768
1378770886,85.82932042666667
1378771186,68.27332306666668
1378771486,81.92798768
1378771786,76.07598856
1378772086,68.27332306666668
1378772386,85.82932042666667
1378772686,83.87865405333334
1378772986,83.87865405333334
1378773286,81.92798768
1378773586,83.87865405333334
1378773886,68.27332306666668
1378774186,72.17465581333335
1378774486,78.02665493333335
1378774786,76.07598856
1378775086,79.97732130666667
1378775386,85.82932042666667
1378775686,87.7799868
1378775986,79.97732130666667
1378776286,81.92798768
1378776586,83.87865405333334
1378776886,74.12532218666666
1378777186,83.87865405333334
1378777486,81.92798768
1378777787,81.92798768
1378778087,83.87865405333334
1378778387,81.92798768
1378778687,81.92798768
1378778987,68.27332306666668
1378779287,79.97732130666667
1378779587,70.22398944000001
1378779887,81.92798768
1378780187,83.87865405333334
1378780487,72.17465581333335
1378780787,76.07598856
1378781087,76.07598856
1378781387,72.17465581333335
1378781687,74.12532218666666
1378781987,85.82932042666667
1378782287,83.87865405333334
1378782587,76.07598856
1378782887,74.12532218666666
1378783187,60.47065757333333
1378783487,78.02665493333335
1378783787,81.92798768
1378784087,83.87865405333334
1378784387,85.82932042666667
1378784687,76.07598856
1378784987,85.82932042666667
1378785287,76.07598856
1378785587,78.02665493333335
1378785887,79.97732130666667
1378786187,68.27332306666668
1378786487,85.82932042666667
1378786787,72.17465581333335
1378787088,83.87865405333334
1378787388,81.92798768
1378787688,85.82932042666667
1378787988,68.27332306666668
1378788288,66.32265669333334
1378788588,85.82932042666667
1378788888,81.92798768
1378789188,83.87865405333334
1378789488,81.92798768
1378789788,78.02665493333335
1378790088,76.07598856
1378790388,72.17465581333335
1378790688,72.17465581333335
1378790988,72.17465581333335
1378791288,72.17465581333335
1378791588,58.51999120000001
1378791888,70.22398944000001
1378792188,76.07598856
1378792488,72.17465581333335
1378792788,68.27332306666668
1378793088,70.22398944000001
1378793388,72.17465581333335
1378793688,72.17465581333335
1378793988,72.17465581333335
1378794288,79.97732130666667
1378794588,81.92798768
1378794889,79.97732130666667
1378795189,62.42132394666667
1378795489,76.07598856
1378795789,78.02665493333335
1378796089,79.97732130666667
1378796389,74.12532218666666
1378796689,70.22398944000001
1378796989,72.17465581333335
1378797289,68.27332306666668
1378797589,74.12532218666666
1378797889,81.92798768
1378798189,5342.87519656
1378798489,10586.26640808
1378798789,10642.835732906668
1378799089,10627.230401920002
1378799388,10654.53973114667
1378799688,10034.227824426667
1378799988,10205.886465280002
1378800289,10420.459766346668
1378800589,10412.657100853332
1378800889,10383.397105253332
1378801189,10354.137109653331
1378801489,10274.15978834667
1378801789,3538.508801226667
1378802089,85.82932042666667
1378802389,85.82932042666667
1378802689,83.87865405333334
1378802989,83.87865405333334
1378803289,87.7799868
1378803589,83.87865405333334
1378803889,76.07598856
1378804189,81.92798768
1378804489,68.27332306666668
1378804789,83.87865405333334
1378805089,152.15197712
1378805389,85.82932042666667
1378805689,81.92798768
1378805989,81.92798768
1378806289,81.92798768
1378806589,78.02665493333335
1378806889,85.82932042666667
1378807189,68.27332306666668
1378807489,81.92798768
1378807789,76.07598856
1378808089,72.17465581333335
1378808389,81.92798768
1378808689,85.82932042666667
1378808990,72.17465581333335
1378809290,72.17465581333335
1378809590,70.22398944000001
1378809890,78.02665493333335
1378810190,85.82932042666667
1378810490,83.87865405333334
1378810790,76.07598856
1378811090,72.17465581333335
1378811390,78.02665493333335
1378811690,78.02665493333335
1378811990,79.97732130666667
1378812290,83.87865405333334
1378812590,81.92798768
1378812890,70.22398944000001
1378813190,74.12532218666666
1378813490,83.87865405333334
1378813790,83.87865405333334
1378814090,79.97732130666667
1378814390,79.97732130666667
1378814690,66.32265669333334
1378814990,83.87865405333334
1378815290,83.87865405333334
1378815590,83.87865405333334
1378815890,70.22398944000001
1378816190,9708.466540080002
1378816490,2855.77557056
1378816790,70.22398944000001
1378817090,83.87865405333334
1378817390,2631.4489376266665
1378817690,4020.32339544
1378817990,1213.3144842133336
1378818290,78.02665493333335
1378818590,76.07598856
1378818890,83.87865405333334
1378819190,87.7799868
1378819490,78.02665493333335
1378819791,81.92798768
1378820091,66.32265669333334
1378820391,74.12532218666666
1378820691,85.82932042666667
1378820991,83.87865405333334
1378821291,81.92798768
1378821591,72.17465581333335
1378821891,72.17465581333335
1378822191,76.07598856
1378822491,81.92798768
1378822791,87.7799868
1378823091,87.7799868
1378823391,105.33598416
1378823691,72.17465581333335
1378823991,62.42132394666667
1378824291,78.02665493333335
1378824591,81.92798768
1378824891,124.84264789333334
1378825191,72.17465581333335
1378825491,95.58265229333335
1378825791,70.22398944000001
1378826091,87.7799868
1378826391,87.7799868
1378826691,78.02665493333335
1378826991,70.22398944000001
1378827291,87.7799868
1378827591,74.12532218666666
1378827891,76.07598856
1378828191,85.82932042666667
1378828491,78.02665493333335
1378828791,72.17465581333335
1378829091,78.02665493333335
1378829391,68.27332306666668
1378829691,85.82932042666667
1378829991,81.92798768
1378830291,81.92798768
1378830592,72.17465581333335
1378830892,68.27332306666668
1378831192,78.02665493333335
1378831492,79.97732130666667
1378831791,87.7799868
1378832091,81.92798768
1378832391,79.97732130666667
1378832691,76.07598856
1378832991,60.47065757333333
1378833291,87.7799868
1378833591,81.92798768
1378833891,83.87865405333334
1378834191,78.02665493333335
1378834492,78.02665493333335
1378834792,83.87865405333334
1378835092,81.92798768
1378835392,83.87865405333334
1378835692,85.82932042666667
1378835992,64.37199032000001
1378836292,70.22398944000001
1378836592,72.17465581333335
1378836892,78.02665493333335
1378837192,72.17465581333335
1378837492,72.17465581333335
1378837792,60.47065757333333
1378838092,74.12532218666666
1378838392,78.02665493333335
1378838692,68.27332306666668
1378838992,83.87865405333334
1378839292,79.97732130666667
1378839592,66.32265669333334
1378839892,70.22398944000001
1378840192,79.97732130666667
1378840492,85.82932042666667
1378840792,85.82932042666667
1378841092,85.82932042666667
1378841392,66.32265669333334
1378841692,70.22398944000001
1378841992,138.49731250666667
1378842293,83.87865405333334
1378842593,87.7799868
1378842893,78.02665493333335
1378843193,79.97732130666667
1378843493,72.17465581333335
1378843793,83.87865405333334
1378844093,85.82932042666667
1378844393,85.82932042666667
1378844693,79.97732130666667
1378844993,68.27332306666668
1378845293,64.37199032000001
1378845593,81.92798768
1378845893,85.82932042666667
1378846193,87.7799868
1378846493,66.32265669333334
1378846793,79.97732130666667
1378847093,70.22398944000001
1378847393,83.87865405333334
1378847693,83.87865405333334
1378847993,79.97732130666667
1378848293,74.12532218666666
1378848593,74.12532218666666
1378848893,78.02665493333335
1378849193,76.07598856
1378849493,79.97732130666667
1378849793,78.02665493333335
1378850093,66.32265669333334
1378850393,78.02665493333335
1378850693,81.92798768
1378850993,83.87865405333334
1378851293,95.58265229333335
1378851593,85.82932042666667
1378851893,79.97732130666667
1378852193,66.32265669333334
1378852493,76.07598856
1378852794,83.87865405333334
1378853094,85.82932042666667
1378853394,74.12532218666666
1378853694,68.27332306666668
1378853994,72.17465581333335
1378854294,60.47065757333333
1378854594,83.87865405333334
1378854894,78.02665493333335
1378855194,78.02665493333335
1378855494,72.17465581333335
1378855794,66.32265669333334
1378856094,79.97732130666667
1378856394,74.12532218666666
1378856694,154.10264349333335
1378856994,79.97732130666667
1378857294,72.17465581333335
1378857594,70.22398944000001
1378857894,81.92798768
1378858194,79.97732130666667
1378858494,83.87865405333334
1378858794,64.37199032000001
1378859094,66.32265669333334
1378859394,74.12532218666666
1378859694,79.97732130666667
1378859994,83.87865405333334
1378860294,83.87865405333334
1378860594,70.22398944000001
1378860894,74.12532218666666
1378861194,85.82932042666667
1378861494,74.12532218666666
1378861794,76.07598856
1378862094,79.97732130666667
1378862394,78.02665493333335
1378862694,68.27332306666668
1378862994,72.17465581333335
1378863294,87.7799868
1378863595,79.97732130666667
1378863895,87.7799868
1378864195,76.07598856
1378864494,74.12532218666666
1378864794,74.12532218666666
1378865094,87.7799868
1378865394,79.97732130666667
1378865694,70.22398944000001
1378865994,70.22398944000001
1378866294,66.32265669333334
1378866594,66.32265669333334
1378866894,83.87865405333334
1378867194,76.07598856
1378867494,72.17465581333335
1378867794,79.97732130666667
1378868094,76.07598856
1378868394,76.07598856
1378868694,79.97732130666667
1378868994,87.7799868
1378869294,81.92798768
1378869594,70.22398944000001
1378869894,79.97732130666667
1378870194,72.17465581333335
1378870494,81.92798768
1378870794,83.87865405333334
1378871094,81.92798768
1378871394,76.07598856
1378871695,73.149989
1378871995,72.17465581333335
1378872295,83.87865405333334
1378872595,85.82932042666667
1378872895,74.12532218666666
1378873195,74.12532218666666
1378873495,68.96998962857144
1378873795,79.97732130666667
1378874095,76.07598856
1378874395,83.87865405333334
1378874695,83.87865405333334
1378874995,74.12532218666666
1378875295,68.27332306666668
1378875595,72.17465581333335
1378875895,78.02665493333335
1378876195,85.82932042666667
1378876495,83.87865405333334
1378876795,85.82932042666667
1378877095,81.92798768
1378877395,81.92798768
1378877695,87.7799868
1378877995,83.59998742857144
1378878295,83.59998742857144
1378878595,68.27332306666668
1378878895,78.02665493333335
1378879195,76.07598856
1378879495,83.87865405333334
1378879795,83.87865405333334
1378880095,78.02665493333335
1378880396,68.27332306666668
1378880696,74.12532218666666
1378880996,81.92798768
1378881296,81.92798768
1378881596,81.92798768
1378881896,83.87865405333334
1378882196,70.22398944000001
1378882496,1088.4718363200002
1378882796,1745.8464041333336
1378883096,877.7998680000002
1378883396,1695.1290784266666
1378883696,1109.9291664266668
1378883996,68.27332306666668
1378884296,64.37199032000001
1378884596,81.92798768
1378884896,76.07598856
1378885196,78.02665493333335
1378885496,79.97732130666667
1378885796,72.17465581333335
1378886096,70.22398944000001
1378886396,79.41998805714286
1378886696,76.07598856
1378886996,74.12532218666666
1378887296,79.97732130666667
1378887596,70.22398944000001
1378887896,66.32265669333334
1378888196,76.07598856
1378888496,83.87865405333334
1378888796,81.92798768
1378889096,72.17465581333335
1378889396,70.22398944000001
1378889696,66.32265669333334
1378889997,85.82932042666667
1378890297,85.82932042666667
1378890597,78.02665493333335
1378890897,78.02665493333335
1378891197,62.42132394666667
1378891497,1648.3130854666667
1378891797,1868.7383856533331
1378892097,1611.2504243733335
1378892397,1061.1625070933335
1378892697,74.12532218666666
1378892997,78.02665493333335
1378893297,72.17465581333335
1378893597,83.87865405333334
1378893897,85.82932042666667
1378894197,79.97732130666667
1378894497,74.12532218666666
1378894797,70.22398944000001
1378895097,72.17465581333335
1378895397,87.7799868
1378895697,81.92798768
1378895997,83.87865405333334
1378896297,78.02665493333335
1378896597,76.07598856
1378896897,70.22398944000001
1378897197,708.09189352
1378897497,1383.0224586933336
1378897797,3197.1421858933336
1378898097,9866.47051632
1378898397,10461.423760186668
1378898697,10480.93042392
1378898997,10545.30241424
1378899297,10324.877114053332
1378899597,10580.414408960003
1378899897,10570.661077093331
1378900197,10594.069073573335
1378900497,7874.840149146667
1378900797,83.87865405333334
1378901097,85.82932042666667
1378901397,79.97732130666667
1378901697,70.22398944000001
1378901997,81.92798768
1378902298,79.97732130666667
1378902598,74.12532218666666
1378902898,85.82932042666667
1378903198,74.12532218666666
1378903498,66.32265669333334
1378903798,167.75730810666667
1378904098,81.92798768
1378904398,81.92798768
1378904698,87.7799868
1378904998,85.82932042666667
1378905298,78.02665493333335
1378905598,83.87865405333334
1378905898,81.92798768
1378906198,76.07598856
1378906498,85.82932042666667
1378906798,83.87865405333334
